{
  "$schema": "http://json-schema.org/draft-07/schema#",
  "title": "M3hl@n! Manifest",
  "type": "object",
  "properties": {
    "project": { "type": "string" },
    "language": { "type": "string", "enum": ["java", "python", "rust", "multi"] },
    "targets": {
      "type": "array",
      "items": {
        "type": "object",
        "properties": {
          "name": { "type": "string" },
          "adapter": { "type": "string" },
          "path": { "type": "string" }
        },
        "required": ["name", "adapter", "path"]
      }
    },
    "plugins": {
      "type": "array",
      "items": { "type": "object" }
    }
  },
  "required": ["project", "language", "targets"]
}

